-- phpMyAdmin SQL Dump
-- version 5.2.0
-- https://www.phpmyadmin.net/
--
-- Máy chủ: 127.0.0.1
-- Thời gian đã tạo: Th10 04, 2022 lúc 06:01 AM
-- Phiên bản máy phục vụ: 10.4.24-MariaDB
-- Phiên bản PHP: 8.1.6

SET SQL_MODE = "NO_AUTO_VALUE_ON_ZERO";
START TRANSACTION;
SET time_zone = "+00:00";


/*!40101 SET @OLD_CHARACTER_SET_CLIENT=@@CHARACTER_SET_CLIENT */;
/*!40101 SET @OLD_CHARACTER_SET_RESULTS=@@CHARACTER_SET_RESULTS */;
/*!40101 SET @OLD_COLLATION_CONNECTION=@@COLLATION_CONNECTION */;
/*!40101 SET NAMES utf8mb4 */;

--
-- Cơ sở dữ liệu: `db_alta_1`
--

-- --------------------------------------------------------

--
-- Cấu trúc bảng cho bảng `activity_history`
--

CREATE TABLE `activity_history` (
  `id` bigint(20) UNSIGNED NOT NULL,
  `nameLogin` text COLLATE utf8mb4_unicode_ci NOT NULL,
  `Time` char(100) COLLATE utf8mb4_unicode_ci NOT NULL,
  `ipAddress` char(30) COLLATE utf8mb4_unicode_ci NOT NULL,
  `action` text COLLATE utf8mb4_unicode_ci NOT NULL,
  `format_date` varchar(50) COLLATE utf8mb4_unicode_ci NOT NULL,
  `created_at` timestamp NULL DEFAULT NULL,
  `updated_at` timestamp NULL DEFAULT NULL
) ENGINE=InnoDB DEFAULT CHARSET=utf8mb4 COLLATE=utf8mb4_unicode_ci;

--
-- Đang đổ dữ liệu cho bảng `activity_history`
--

INSERT INTO `activity_history` (`id`, `nameLogin`, `Time`, `ipAddress`, `action`, `format_date`, `created_at`, `updated_at`) VALUES
(69, 'tmp', '2022-10-02 21:20:20', '127.0.0.1', 'Cập nhật thông tin thiết bị Kiosk', '2022-10-02', '2022-10-02 14:20:20', NULL),
(70, 'tmp', '2022-10-02 21:21:04', '127.0.0.1', 'Cập nhật thông tin dịch vụ Khám hô hấp', '2022-10-02', '2022-10-02 14:21:04', NULL),
(71, 'tmp', '2022-10-02 21:21:26', '127.0.0.1', 'Cập nhật thông tin dịch vụ Siêu âm tổng quát', '2022-10-02', '2022-10-02 14:21:26', NULL),
(72, 'tmp', '2022-10-02 21:23:32', '127.0.0.1', 'Thêm mới dịch vụ Chụp X-quang', '2022-10-02', '2022-10-02 14:23:32', NULL),
(73, 'tmp', '2022-10-02 21:24:19', '127.0.0.1', 'Thêm mới dịch vụ Khoa châm cứu', '2022-10-02', '2022-10-02 14:24:19', NULL),
(74, 'tmp', '2022-10-02 21:24:59', '127.0.0.1', 'Thêm mới thiết bị Ecmo', '2022-10-02', '2022-10-02 14:24:59', NULL),
(75, 'tmp', '2022-10-02 21:25:41', '127.0.0.1', 'Thêm mới thiết bị Máy Daikin 1', '2022-10-02', '2022-10-02 14:25:41', NULL),
(76, 'tmp', '2022-10-02 21:26:53', '127.0.0.1', 'Cập nhật thông tin thiết bị KTS', '2022-10-02', '2022-10-02 14:26:53', NULL),
(77, 'tmp', '2022-10-02 21:27:07', '127.0.0.1', 'Cập nhật thông tin thiết bị KTS', '2022-10-02', '2022-10-02 14:27:07', NULL),
(78, 'tmp', '2022-10-02 21:27:13', '127.0.0.1', 'Cập nhật thông tin thiết bị KTS', '2022-10-02', '2022-10-02 14:27:13', NULL),
(79, 'tmp', '2022-10-02 21:27:20', '127.0.0.1', 'Cập nhật thông tin thiết bị KTS', '2022-10-02', '2022-10-02 14:27:20', NULL),
(80, 'tmp', '2022-10-02 21:27:28', '127.0.0.1', 'Cập nhật thông tin thiết bị KTS', '2022-10-02', '2022-10-02 14:27:28', NULL),
(81, 'tmp', '2022-10-02 21:27:34', '127.0.0.1', 'Cập nhật thông tin thiết bị KTS', '2022-10-02', '2022-10-02 14:27:34', NULL),
(82, 'tmp', '2022-10-02 21:27:42', '127.0.0.1', 'Cập nhật thông tin thiết bị KTS', '2022-10-02', '2022-10-02 14:27:42', NULL),
(83, 'tmp', '2022-10-02 21:27:48', '127.0.0.1', 'Cập nhật thông tin thiết bị KTS', '2022-10-02', '2022-10-02 14:27:48', NULL),
(84, 'tmp', '2022-10-03 09:33:38', '127.0.0.1', 'Cấp số thứ tự mới 0001 dịch vụ Khám dịch vụ', '2022-10-03', '2022-10-03 02:33:38', NULL),
(85, 'tmp', '2022-10-03 09:33:47', '127.0.0.1', 'Cấp số thứ tự mới 0002 dịch vụ Khám dịch vụ', '2022-10-03', '2022-10-03 02:33:47', NULL),
(86, 'tmp', '2022-10-03 09:33:54', '127.0.0.1', 'Cấp số thứ tự mới 0003 dịch vụ Khám dịch vụ', '2022-10-03', '2022-10-03 02:33:54', NULL);

-- --------------------------------------------------------

--
-- Cấu trúc bảng cho bảng `devices`
--

CREATE TABLE `devices` (
  `id` bigint(20) UNSIGNED NOT NULL,
  `code_devices` varchar(20) COLLATE utf8mb4_unicode_ci NOT NULL,
  `type_device` int(11) NOT NULL,
  `name` text COLLATE utf8mb4_unicode_ci NOT NULL,
  `slug` text COLLATE utf8mb4_unicode_ci NOT NULL,
  `ip_address` varchar(20) COLLATE utf8mb4_unicode_ci NOT NULL,
  `status_active` tinyint(1) NOT NULL DEFAULT 1,
  `status_connect` tinyint(1) NOT NULL DEFAULT 1,
  `services` text COLLATE utf8mb4_unicode_ci NOT NULL,
  `nameLogin` text COLLATE utf8mb4_unicode_ci NOT NULL,
  `password` text COLLATE utf8mb4_unicode_ci NOT NULL,
  `created_at` timestamp NULL DEFAULT NULL,
  `updated_at` timestamp NULL DEFAULT NULL
) ENGINE=InnoDB DEFAULT CHARSET=utf8mb4 COLLATE=utf8mb4_unicode_ci;

--
-- Đang đổ dữ liệu cho bảng `devices`
--

INSERT INTO `devices` (`id`, `code_devices`, `type_device`, `name`, `slug`, `ip_address`, `status_active`, `status_connect`, `services`, `nameLogin`, `password`, `created_at`, `updated_at`) VALUES
(147, 'h05789d', 1, 'Kiosk', 'kiosk', '192.168.1.10', 1, 2, 'Khoa nội tổng quát,Khoa niệu,Khám dịch vụ,Khám tim mạch', 'c7533', '35a74', '2022-09-14 15:18:12', '2022-10-02 14:20:19'),
(149, 'h2f', 2, 'Daikin', 'daikin', '192.168.1.10', 2, 2, 'Khám ngoại tổng quát,Khám tai mũi họng,Khám mắt', 'f00f789123213ffg', 'dbb4egégseg', '2022-09-13 15:07:16', '2022-09-23 12:08:27'),
(150, 'h3', 2, 'Toshiba', 'toshiba', '192.168.1.10', 2, 1, 'Khám thần kinh', '85fc3', 'd2665', '2022-09-13 15:07:16', '2022-09-22 14:17:17'),
(249, '567', 2, 'Samsung', 'samsung', '192.168.1.10', 1, 1, 'Siêu âm tổng quát,Xét nghiệm Covid-19', '123', '123', '2022-09-22 06:57:56', '2022-10-01 10:03:40'),
(250, 's101', 2, 'Sharp', 'sharp', '192.168.1.10', 1, 1, 'Khám tiêu hóa', 'Los Angeles', '123', '2022-10-01 03:08:53', NULL),
(251, 'adc', 2, 'KTS', 'kts', '192.168.1.10', 1, 1, 'Chụp X-quang', 'abcds', '123123456', '2022-10-02 14:24:59', '2022-10-02 14:27:48'),
(252, 'hcb', 2, 'Máy Daikin 1', 'may-daikin-1', '192.168.1.10', 1, 1, 'Khoa châm cứu', '123', '123', '2022-10-02 14:25:41', NULL);

-- --------------------------------------------------------

--
-- Cấu trúc bảng cho bảng `failed_jobs`
--

CREATE TABLE `failed_jobs` (
  `id` bigint(20) UNSIGNED NOT NULL,
  `uuid` varchar(255) COLLATE utf8mb4_unicode_ci NOT NULL,
  `connection` text COLLATE utf8mb4_unicode_ci NOT NULL,
  `queue` text COLLATE utf8mb4_unicode_ci NOT NULL,
  `payload` longtext COLLATE utf8mb4_unicode_ci NOT NULL,
  `exception` longtext COLLATE utf8mb4_unicode_ci NOT NULL,
  `failed_at` timestamp NOT NULL DEFAULT current_timestamp()
) ENGINE=InnoDB DEFAULT CHARSET=utf8mb4 COLLATE=utf8mb4_unicode_ci;

-- --------------------------------------------------------

--
-- Cấu trúc bảng cho bảng `functions`
--

CREATE TABLE `functions` (
  `id` bigint(20) UNSIGNED NOT NULL,
  `nameFunction` text COLLATE utf8mb4_unicode_ci NOT NULL,
  `created_at` timestamp NULL DEFAULT NULL,
  `updated_at` timestamp NULL DEFAULT NULL
) ENGINE=InnoDB DEFAULT CHARSET=utf8mb4 COLLATE=utf8mb4_unicode_ci;

--
-- Đang đổ dữ liệu cho bảng `functions`
--

INSERT INTO `functions` (`id`, `nameFunction`, `created_at`, `updated_at`) VALUES
(1, 'Thêm mới thiết bị', '2022-09-28 14:20:07', NULL),
(2, 'Cập nhật thiết bị', '2022-09-28 14:20:07', NULL),
(3, 'Xem chi tiết thiết bị', '2022-09-28 14:20:07', NULL),
(4, 'Thêm mới dịch vụ', '2022-09-28 14:20:07', NULL),
(5, 'Cập nhật dịch vụ', '2022-09-28 14:20:07', NULL),
(6, 'Xem chi tiết dịch vụ', '2022-09-28 14:20:07', NULL),
(7, 'Cấp số mới', '2022-09-28 14:20:07', NULL),
(8, 'Xem chi tiết số', '2022-09-28 14:20:07', NULL),
(9, 'Lọc dữ liệu số', '2022-09-28 14:20:07', NULL),
(10, 'Thêm tài khoản', '2022-09-28 14:20:07', NULL),
(11, 'Cập nhật tài khoản', '2022-09-28 14:20:07', NULL),
(12, 'Thêm vai trò', '2022-09-28 14:20:07', NULL),
(13, 'Cập nhật vai trò', '2022-09-28 14:20:07', NULL);

-- --------------------------------------------------------

--
-- Cấu trúc bảng cho bảng `migrations`
--

CREATE TABLE `migrations` (
  `id` int(10) UNSIGNED NOT NULL,
  `migration` varchar(255) COLLATE utf8mb4_unicode_ci NOT NULL,
  `batch` int(11) NOT NULL
) ENGINE=InnoDB DEFAULT CHARSET=utf8mb4 COLLATE=utf8mb4_unicode_ci;

--
-- Đang đổ dữ liệu cho bảng `migrations`
--

INSERT INTO `migrations` (`id`, `migration`, `batch`) VALUES
(7, '2014_10_12_000000_create_users_table', 1),
(8, '2014_10_12_100000_create_password_resets_table', 1),
(9, '2019_08_19_000000_create_failed_jobs_table', 1),
(10, '2019_12_14_000001_create_personal_access_tokens_table', 1),
(11, '2022_09_09_082000_create_devices_table', 2),
(12, '2022_09_13_214017_create_type_devices_table', 3),
(13, '2022_09_15_151644_create_services_table', 4),
(14, '2022_09_19_161851_create_number_rule_service_table', 5),
(15, '2022_09_22_160612_create_numbers_table', 5),
(16, '2022_09_28_210853_create_functions_table', 6),
(17, '2022_09_28_211039_create_role_table', 7),
(18, '2022_09_28_211207_create_role_function_table', 8),
(19, '2022_09_30_154751_acivity_history', 9);

-- --------------------------------------------------------

--
-- Cấu trúc bảng cho bảng `numbers`
--

CREATE TABLE `numbers` (
  `id` bigint(20) UNSIGNED NOT NULL,
  `number` varchar(100) COLLATE utf8mb4_unicode_ci NOT NULL,
  `counter` int(11) DEFAULT NULL,
  `user_id` int(11) NOT NULL,
  `services_id` int(11) NOT NULL,
  `devices_id` int(11) NOT NULL,
  `date_started` varchar(100) COLLATE utf8mb4_unicode_ci NOT NULL,
  `date_end` varchar(100) COLLATE utf8mb4_unicode_ci NOT NULL,
  `status` tinyint(1) NOT NULL DEFAULT 1 COMMENT '1.Đang chờ 2.Đã sử dụng 3.Bỏ qua',
  `status_views` tinyint(1) NOT NULL DEFAULT 1,
  `format_date` varchar(100) COLLATE utf8mb4_unicode_ci DEFAULT NULL,
  `created_at` timestamp NULL DEFAULT NULL,
  `updated_at` timestamp NULL DEFAULT NULL
) ENGINE=InnoDB DEFAULT CHARSET=utf8mb4 COLLATE=utf8mb4_unicode_ci;

--
-- Đang đổ dữ liệu cho bảng `numbers`
--

INSERT INTO `numbers` (`id`, `number`, `counter`, `user_id`, `services_id`, `devices_id`, `date_started`, `date_end`, `status`, `status_views`, `format_date`, `created_at`, `updated_at`) VALUES
(30, '0005', 5, 1, 116, 147, '2022-09-23 16:35:04', '2022-09-28 16:35:04', 3, 1, '2022-09-23', '2022-09-23 09:35:04', NULL),
(31, '0007', 6, 1, 113, 147, '2022-09-23 16:35:29', '2022-09-28 16:35:29', 3, 1, '2022-09-23', '2022-09-23 09:35:29', NULL),
(32, '0008', 2, 1, 113, 147, '2022-09-23 16:35:37', '2022-09-28 16:35:37', 3, 1, '2022-09-23', '2022-09-23 09:35:37', NULL),
(33, '0009', 5, 1, 113, 147, '2022-09-23 16:35:39', '2022-09-28 16:35:39', 3, 1, '2022-09-23', '2022-09-23 09:35:39', NULL),
(34, '0010', 3, 1, 113, 147, '2022-09-23 16:35:42', '2022-09-28 16:35:42', 3, 1, '2022-09-23', '2022-09-23 09:35:42', NULL),
(35, '0007', 5, 1, 115, 147, '2022-09-23 16:35:45', '2022-09-28 16:35:45', 3, 1, '2022-09-23', '2022-09-23 09:35:45', NULL),
(36, '0005', 6, 1, 114, 147, '2022-09-23 16:35:49', '2022-09-28 16:35:49', 3, 1, '2022-09-23', '2022-09-23 09:35:49', NULL),
(37, '0011', 1, 1, 113, 147, '2022-09-23 16:38:11', '2022-09-28 16:38:11', 3, 1, '2022-09-23', '2022-09-23 09:38:11', NULL),
(38, '4248', 3, 1, 322, 150, '2022-09-23 16:38:16', '2022-09-28 16:38:16', 3, 1, '2022-09-23', '2022-09-23 09:38:16', NULL),
(39, '0012', 2, 1, 113, 147, '2022-09-23 16:38:21', '2022-09-28 16:38:21', 3, 1, '2022-09-23', '2022-09-23 09:38:21', NULL),
(40, '0013', 1, 1, 113, 147, '2022-09-23 16:39:07', '2022-09-28 16:39:07', 3, 1, '2022-09-23', '2022-09-23 09:39:07', NULL),
(41, '0014', 4, 1, 113, 147, '2022-09-23 16:39:11', '2022-09-28 16:39:11', 3, 1, '2022-09-23', '2022-09-23 09:39:11', NULL),
(42, '0008', 3, 1, 115, 147, '2022-09-23 16:39:15', '2022-09-28 16:39:15', 3, 1, '2022-09-23', '2022-09-23 09:39:15', NULL),
(43, '0005', 5, 1, 323, 249, '2022-09-23 16:39:21', '2022-09-28 16:39:21', 3, 1, '2022-09-23', '2022-09-23 09:39:21', NULL),
(44, '0006', 4, 1, 323, 249, '2022-09-23 16:39:23', '2022-09-28 16:39:23', 3, 1, '2022-09-23', '2022-09-23 09:39:23', NULL),
(45, '0001', 1, 1, 321, 149, '2022-09-23 16:39:36', '2022-09-28 16:39:36', 3, 1, '2022-09-23', '2022-09-23 09:39:36', NULL),
(46, '0006', 4, 1, 116, 147, '2022-09-23 18:34:17', '2022-09-28 18:34:17', 3, 1, '2022-09-23', '2022-09-23 11:34:17', NULL),
(47, '0006', 3, 1, 114, 147, '2022-09-23 18:35:53', '2022-09-28 18:35:53', 3, 1, '2022-09-23', '2022-09-23 11:35:53', NULL),
(48, '4249', 6, 1, 322, 150, '2022-09-23 18:35:58', '2022-09-28 18:35:58', 3, 1, '2022-09-23', '2022-09-23 11:35:58', NULL),
(49, '4250', 6, 1, 322, 150, '2022-09-23 18:36:52', '2022-09-28 18:36:52', 3, 1, '2022-09-23', '2022-09-23 11:36:52', NULL),
(50, '4251', 1, 1, 322, 150, '2022-09-23 18:37:03', '2022-09-28 18:37:03', 3, 1, '2022-09-23', '2022-09-23 11:37:03', NULL),
(51, '4252', 6, 1, 322, 150, '2022-09-23 18:37:23', '2022-09-28 18:37:23', 3, 1, '2022-09-23', '2022-09-23 11:37:23', NULL),
(52, '0015', 1, 1, 113, 147, '2022-09-23 18:37:39', '2022-09-28 18:37:39', 3, 1, '2022-09-23', '2022-09-23 11:37:39', NULL),
(53, '0001', 2, 1, 319, 149, '2022-09-23 18:37:44', '2022-09-28 18:37:44', 3, 1, '2022-09-23', '2022-09-23 11:37:44', NULL),
(54, '0016', 5, 1, 113, 147, '2022-09-23 18:37:50', '2022-09-28 18:37:50', 3, 1, '2022-09-23', '2022-09-23 11:37:50', NULL),
(55, '0007', 2, 1, 323, 249, '2022-09-23 18:37:54', '2022-09-28 18:37:54', 3, 1, '2022-09-23', '2022-09-23 11:37:54', NULL),
(56, '0008', 6, 1, 323, 249, '2022-09-23 18:37:59', '2022-09-28 18:37:59', 3, 1, '2022-09-23', '2022-09-23 11:37:59', NULL),
(57, '0009', 4, 1, 323, 249, '2022-09-23 18:38:02', '2022-09-28 18:38:02', 3, 1, '2022-09-23', '2022-09-23 11:38:02', NULL),
(58, '0010', 5, 1, 323, 249, '2022-09-23 18:38:04', '2022-09-28 18:38:04', 3, 1, '2022-09-23', '2022-09-23 11:38:04', NULL),
(59, '0011', 5, 1, 323, 249, '2022-09-23 18:38:06', '2022-09-28 18:38:06', 3, 1, '2022-09-23', '2022-09-23 11:38:06', NULL),
(60, '0012', 3, 1, 323, 249, '2022-09-23 18:38:09', '2022-09-28 18:38:09', 3, 1, '2022-09-23', '2022-09-23 11:38:09', NULL),
(61, '0013', 6, 1, 323, 249, '2022-09-23 18:38:10', '2022-09-28 18:38:10', 3, 1, '2022-09-23', '2022-09-23 11:38:10', NULL),
(62, '0014', 1, 1, 323, 249, '2022-09-23 18:38:13', '2022-09-28 18:38:13', 3, 1, '2022-09-23', '2022-09-23 11:38:13', NULL),
(63, '0015', 6, 1, 323, 249, '2022-09-23 18:38:15', '2022-09-28 18:38:15', 3, 1, '2022-09-23', '2022-09-23 11:38:15', NULL),
(64, '0016', 6, 1, 323, 249, '2022-09-23 18:38:17', '2022-09-28 18:38:17', 3, 1, '2022-09-23', '2022-09-23 11:38:17', NULL),
(65, '0017', 2, 1, 323, 249, '2022-09-23 18:38:19', '2022-09-28 18:38:19', 3, 1, '2022-09-23', '2022-09-23 11:38:19', NULL),
(66, '0018', 5, 1, 323, 249, '2022-09-23 18:38:21', '2022-09-28 18:38:21', 3, 1, '2022-09-23', '2022-09-23 11:38:21', NULL),
(67, '0019', 6, 1, 323, 249, '2022-09-23 18:38:22', '2022-09-28 18:38:22', 3, 1, '2022-09-23', '2022-09-23 11:38:22', NULL),
(68, '0020', 2, 1, 323, 249, '2022-09-23 18:38:24', '2022-09-28 18:38:24', 3, 1, '2022-09-23', '2022-09-23 11:38:24', NULL),
(69, '0021', 1, 1, 323, 249, '2022-09-23 18:38:26', '2022-09-28 18:38:26', 3, 1, '2022-09-23', '2022-09-23 11:38:26', NULL),
(70, '0022', 3, 1, 323, 249, '2022-09-23 18:38:29', '2022-09-28 18:38:29', 3, 1, '2022-09-23', '2022-09-23 11:38:29', NULL),
(71, '0023', 3, 1, 323, 249, '2022-09-23 18:38:31', '2022-09-28 18:38:31', 3, 1, '2022-09-23', '2022-09-23 11:38:31', NULL),
(72, '0024', 2, 1, 323, 249, '2022-09-23 18:38:33', '2022-09-28 18:38:33', 3, 1, '2022-09-23', '2022-09-23 11:38:33', NULL),
(73, '0025', 4, 1, 323, 249, '2022-09-23 18:38:37', '2022-09-28 18:38:37', 3, 1, '2022-09-23', '2022-09-23 11:38:37', NULL),
(74, '0026', 2, 1, 323, 249, '2022-09-23 18:38:40', '2022-09-28 18:38:40', 3, 1, '2022-09-23', '2022-09-23 11:38:40', NULL),
(75, '0027', 3, 1, 323, 249, '2022-09-23 18:38:42', '2022-09-28 18:38:42', 3, 1, '2022-09-23', '2022-09-23 11:38:42', NULL),
(76, '0028', 2, 1, 323, 249, '2022-09-23 18:38:45', '2022-09-28 18:38:45', 3, 1, '2022-09-23', '2022-09-23 11:38:45', NULL),
(77, '0029', 2, 1, 323, 249, '2022-09-23 18:38:47', '2022-09-28 18:38:47', 3, 1, '2022-09-23', '2022-09-23 11:38:47', NULL),
(78, '0030', 4, 1, 323, 249, '2022-09-23 18:38:49', '2022-09-28 18:38:49', 3, 1, '2022-09-23', '2022-09-23 11:38:49', NULL),
(79, '0031', 3, 1, 323, 249, '2022-09-23 18:38:51', '2022-09-28 18:38:51', 3, 1, '2022-09-23', '2022-09-23 11:38:51', NULL),
(80, '0032', 5, 1, 323, 249, '2022-09-23 18:38:53', '2022-09-28 18:38:53', 3, 1, '2022-09-23', '2022-09-23 11:38:53', NULL),
(81, '0033', 4, 1, 323, 249, '2022-09-23 18:38:57', '2022-09-28 18:38:57', 3, 1, '2022-09-23', '2022-09-23 11:38:57', NULL),
(82, '0034', 2, 1, 323, 249, '2022-09-23 18:38:59', '2022-09-28 18:38:59', 3, 1, '2022-09-23', '2022-09-23 11:38:59', NULL),
(83, '0035', 1, 1, 323, 249, '2022-09-23 18:39:02', '2022-09-28 18:39:02', 3, 1, '2022-09-23', '2022-09-23 11:39:02', NULL),
(84, '0036', 5, 1, 323, 249, '2022-09-23 18:39:06', '2022-09-28 18:39:06', 3, 1, '2022-09-23', '2022-09-23 11:39:06', NULL),
(85, '0007', 6, 1, 114, 147, '2022-09-23 19:11:51', '2022-09-28 19:11:51', 3, 1, '2022-09-23', '2022-09-23 12:11:51', NULL),
(86, '0008', 3, 1, 114, 147, '2022-09-23 19:14:04', '2022-09-28 19:14:04', 3, 1, '2022-09-23', '2022-09-23 12:14:04', NULL),
(87, '0009', 4, 1, 115, 147, '2022-09-23 19:17:58', '2022-09-28 19:17:58', 3, 1, '2022-09-23', '2022-09-23 12:17:58', NULL),
(88, '0009', 3, 1, 114, 147, '2022-09-23 19:34:05', '2022-09-28 19:34:05', 3, 1, '2022-09-23', '2022-09-23 12:34:05', NULL),
(89, '0007', 3, 1, 116, 147, '2022-09-23 20:29:40', '2022-09-28 20:29:40', 3, 1, '2022-09-23', '2022-09-23 13:29:40', NULL),
(90, '0008', 2, 1, 116, 147, '2022-09-23 20:29:42', '2022-09-28 20:29:42', 3, 1, '2022-09-23', '2022-09-23 13:29:42', NULL),
(91, '0010', 6, 1, 115, 147, '2022-09-23 20:41:35', '2022-09-28 20:41:35', 3, 1, '2022-09-23', '2022-09-23 13:41:35', NULL),
(92, '0017', 6, 1, 113, 147, '2022-09-23 22:17:03', '2022-09-28 22:17:03', 3, 1, '2022-09-23', '2022-09-23 15:17:03', NULL),
(93, '0009', 4, 1, 116, 147, '2022-09-23 22:17:10', '2022-09-28 22:17:10', 3, 1, '2022-09-23', '2022-09-23 15:17:10', NULL),
(94, '0010', 5, 1, 116, 147, '2022-09-23 22:17:16', '2022-09-28 22:17:16', 3, 1, '2022-09-23', '2022-09-23 15:17:16', NULL),
(95, '0011', 6, 1, 116, 147, '2022-09-23 22:17:18', '2022-09-28 22:17:18', 3, 1, '2022-09-23', '2022-09-23 15:17:18', NULL),
(96, '0012', 5, 1, 116, 147, '2022-09-23 22:17:20', '2022-09-28 22:17:20', 3, 1, '2022-09-23', '2022-09-23 15:17:20', NULL),
(97, '0013', 1, 1, 116, 147, '2022-09-23 22:17:22', '2022-09-28 22:17:22', 3, 1, '2022-09-23', '2022-09-23 15:17:22', NULL),
(98, '0014', 1, 1, 116, 147, '2022-09-23 22:17:25', '2022-09-28 22:17:25', 3, 1, '2022-09-23', '2022-09-23 15:17:25', NULL),
(99, '0001', 1, 1, 113, 147, '2022-09-24 13:46:55', '2022-09-29 13:46:55', 3, 1, '2022-09-24', '2022-09-24 06:46:55', NULL),
(100, '0002', 5, 1, 113, 147, '2022-09-24 13:47:00', '2022-09-29 13:47:00', 3, 1, '2022-09-24', '2022-09-24 06:47:00', NULL),
(101, '0001', 6, 1, 115, 147, '2022-09-24 13:47:35', '2022-09-29 13:47:35', 3, 1, '2022-09-24', '2022-09-24 06:47:35', NULL),
(102, '0001', 2, 1, 321, 149, '2022-09-24 13:47:41', '2022-09-29 13:47:41', 3, 1, '2022-09-24', '2022-09-24 06:47:41', NULL),
(103, '0003', 4, 1, 113, 147, '2022-09-24 14:58:55', '2022-09-29 14:58:55', 3, 1, '2022-09-24', '2022-09-24 07:58:55', NULL),
(104, '0004', 3, 1, 113, 147, '2022-09-24 14:58:57', '2022-09-29 14:58:57', 3, 1, '2022-09-24', '2022-09-24 07:58:57', NULL),
(105, '2425', 4, 1, 324, 249, '2022-09-24 15:03:23', '2022-09-29 15:03:23', 3, 1, '2022-09-24', '2022-09-24 08:03:23', NULL),
(106, '4253', 2, 1, 322, 150, '2022-09-24 15:03:28', '2022-09-29 15:03:28', 3, 1, '2022-09-24', '2022-09-24 08:03:28', NULL),
(107, '4254', 2, 1, 322, 150, '2022-09-24 15:44:40', '2022-09-29 15:44:40', 3, 1, '2022-09-24', '2022-09-24 08:44:40', NULL),
(108, '0005', 3, 1, 113, 147, '2022-09-24 16:08:50', '2022-09-29 16:08:50', 3, 1, '2022-09-24', '2022-09-24 09:08:50', NULL),
(109, '0001', 1, 1, 114, 147, '2022-09-25 21:24:15', '2022-09-30 21:24:15', 3, 1, '2022-09-25', '2022-09-25 14:24:15', NULL),
(110, '0001', 2, 1, 113, 147, '2022-09-25 21:24:19', '2022-09-30 21:24:19', 3, 1, '2022-09-25', '2022-09-25 14:24:19', NULL),
(111, '0001', 5, 1, 116, 147, '2022-09-25 21:24:22', '2022-09-30 21:24:22', 3, 1, '2022-09-25', '2022-09-25 14:24:22', NULL),
(112, '0001', 4, 1, 323, 249, '2022-09-25 21:24:28', '2022-09-30 21:24:28', 3, 1, '2022-09-25', '2022-09-25 14:24:28', NULL),
(113, '0001', 2, 1, 116, 147, '2022-09-26 10:37:36', '2022-10-01 10:37:36', 3, 1, '2022-09-26', '2022-09-26 03:37:36', NULL),
(114, '0002', 1, 1, 116, 147, '2022-09-26 11:28:52', '2022-10-01 11:28:52', 3, 1, '2022-09-26', '2022-09-26 04:28:52', NULL),
(115, '0001', 3, 1, 113, 147, '2022-09-26 11:33:45', '2022-10-01 11:33:45', 3, 1, '2022-09-26', '2022-09-26 04:33:45', NULL),
(116, '0001', 6, 1, 115, 147, '2022-09-26 11:33:50', '2022-10-01 11:33:50', 3, 1, '2022-09-26', '2022-09-26 04:33:50', NULL),
(117, '0001', 5, 1, 114, 147, '2022-09-26 14:07:07', '2022-10-01 14:07:07', 3, 1, '2022-09-26', '2022-09-26 07:07:07', NULL),
(118, '0002', 5, 1, 113, 147, '2022-09-26 14:07:11', '2022-10-01 14:07:11', 3, 1, '2022-09-26', '2022-09-26 07:07:11', NULL),
(119, '0003', 2, 1, 113, 147, '2022-09-26 14:07:14', '2022-10-01 14:07:14', 3, 1, '2022-09-26', '2022-09-26 07:07:14', NULL),
(120, '0004', 2, 1, 113, 147, '2022-09-26 14:07:15', '2022-10-01 14:07:15', 3, 1, '2022-09-26', '2022-09-26 07:07:15', NULL),
(121, '0005', 1, 1, 113, 147, '2022-09-26 18:26:47', '2022-10-01 18:26:47', 3, 1, '2022-09-26', '2022-09-26 11:26:47', NULL),
(122, '0006', 2, 1, 113, 147, '2022-09-26 18:26:49', '2022-10-01 18:26:49', 3, 1, '2022-09-26', '2022-09-26 11:26:49', NULL),
(123, '0007', 2, 1, 113, 147, '2022-09-26 18:26:52', '2022-10-01 18:26:52', 3, 1, '2022-09-26', '2022-09-26 11:26:52', NULL),
(124, '0008', 6, 1, 113, 147, '2022-09-26 18:26:54', '2022-10-01 18:26:54', 3, 1, '2022-09-26', '2022-09-26 11:26:54', NULL),
(125, '0009', 2, 1, 113, 147, '2022-09-26 18:26:56', '2022-10-01 18:26:56', 3, 1, '2022-09-26', '2022-09-26 11:26:56', NULL),
(126, '0010', 1, 1, 113, 147, '2022-09-26 18:26:58', '2022-10-01 18:26:58', 3, 1, '2022-09-26', '2022-09-26 11:26:58', NULL),
(127, '0011', 3, 1, 113, 147, '2022-09-26 18:27:02', '2022-10-01 18:27:02', 3, 1, '2022-09-26', '2022-09-26 11:27:02', NULL),
(128, '0001', 6, 1, 113, 147, '2022-09-27 10:21:13', '2022-10-02 10:21:13', 3, 1, '2022-09-27', '2022-09-27 03:21:13', NULL),
(129, '0002', 6, 1, 113, 147, '2022-09-27 11:03:50', '2022-10-02 11:03:50', 3, 1, '2022-09-27', '2022-09-27 04:03:50', NULL),
(130, '0001', 1, 1, 113, 147, '2022-09-28 13:30:53', '2022-10-03 13:30:53', 3, 1, '2022-09-28', '2022-09-28 06:30:53', NULL),
(131, '0001', 2, 1, 114, 147, '2022-09-28 13:33:24', '2022-10-03 13:33:24', 3, 1, '2022-09-28', '2022-09-28 06:33:24', NULL),
(132, '0001', 6, 1, 116, 147, '2022-09-28 13:33:27', '2022-10-03 13:33:27', 3, 1, '2022-09-28', '2022-09-28 06:33:27', NULL),
(133, '0001', 4, 1, 114, 147, '2022-09-29 20:09:11', '2022-10-04 20:09:11', 1, 1, '2022-09-29', '2022-09-29 13:09:11', NULL),
(134, '0001', 4, 1, 113, 147, '2022-09-29 20:09:15', '2022-10-04 20:09:15', 2, 1, '2022-09-29', '2022-09-29 13:09:15', NULL),
(135, '0002', 6, 1, 113, 147, '2022-09-29 20:09:17', '2022-10-04 20:09:17', 2, 1, '2022-09-29', '2022-09-29 13:09:17', NULL),
(136, '0003', 6, 1, 113, 147, '2022-09-29 21:31:45', '2022-10-04 21:31:45', 2, 1, '2022-09-29', '2022-09-29 14:31:45', NULL),
(137, '0001', 6, 1, 115, 147, '2022-09-29 22:56:58', '2022-10-04 22:56:58', 1, 1, '2022-09-29', '2022-09-29 15:56:58', NULL),
(138, '0002', 5, 1, 115, 147, '2022-09-29 22:57:00', '2022-10-04 22:57:00', 2, 1, '2022-09-29', '2022-09-29 15:57:00', NULL),
(139, '0003', 5, 1, 115, 147, '2022-09-29 22:57:02', '2022-10-04 22:57:02', 1, 1, '2022-09-29', '2022-09-29 15:57:02', NULL),
(140, '0004', 5, 1, 115, 147, '2022-09-29 22:57:04', '2022-10-04 22:57:04', 1, 1, '2022-09-29', '2022-09-29 15:57:04', NULL),
(141, '0005', 1, 1, 115, 147, '2022-09-29 23:02:14', '2022-10-04 23:02:14', 2, 1, '2022-09-29', '2022-09-29 16:02:14', NULL),
(142, '0006', 5, 1, 115, 147, '2022-09-29 23:02:18', '2022-10-04 23:02:18', 2, 1, '2022-09-29', '2022-09-29 16:02:18', NULL),
(143, '0001', 3, 1, 114, 147, '2022-09-30 09:52:21', '2022-10-05 09:52:21', 2, 1, '2022-09-30', '2022-09-30 02:52:21', NULL),
(144, '0001', 5, 1, 113, 147, '2022-09-30 09:52:26', '2022-10-05 09:52:26', 1, 1, '2022-09-30', '2022-09-30 02:52:26', NULL),
(145, '0002', 2, 1, 113, 147, '2022-09-30 09:52:28', '2022-10-05 09:52:28', 1, 1, '2022-09-30', '2022-09-30 02:52:28', NULL),
(146, '0003', 2, 1, 113, 147, '2022-09-30 09:52:30', '2022-10-05 09:52:30', 2, 1, '2022-09-30', '2022-09-30 02:52:30', NULL),
(147, '0004', 3, 1, 113, 147, '2022-09-30 09:52:32', '2022-10-05 09:52:32', 2, 1, '2022-09-30', '2022-09-30 02:52:32', NULL),
(148, '0005', 3, 1, 113, 147, '2022-09-30 09:52:35', '2022-10-05 09:52:35', 1, 1, '2022-09-30', '2022-09-30 02:52:35', NULL),
(149, '0006', 4, 1, 113, 147, '2022-09-30 22:24:34', '2022-10-05 22:24:34', 1, 1, '2022-09-30', '2022-09-30 15:24:34', NULL),
(150, '0001', 2, 1, 113, 147, '2022-10-01 00:09:15', '2022-10-06 00:09:15', 2, 1, '2022-10-01', '2022-09-30 17:09:15', NULL),
(151, '0002', 5, 1, 113, 147, '2022-10-01 00:09:17', '2022-10-06 00:09:17', 1, 1, '2022-10-01', '2022-09-30 17:09:17', NULL),
(152, '0003', 4, 1, 113, 147, '2022-10-01 00:09:19', '2022-10-06 00:09:19', 1, 1, '2022-10-01', '2022-09-30 17:09:19', NULL),
(153, '0004', 1, 1, 113, 147, '2022-10-01 00:09:22', '2022-10-06 00:09:22', 2, 1, '2022-10-01', '2022-09-30 17:09:22', NULL),
(154, '0005', 6, 1, 113, 147, '2022-10-01 00:09:24', '2022-10-06 00:09:24', 2, 1, '2022-10-01', '2022-09-30 17:09:24', NULL),
(155, '0006', 3, 1, 113, 147, '2022-10-01 00:09:25', '2022-10-06 00:09:25', 2, 1, '2022-10-01', '2022-09-30 17:09:25', NULL),
(156, '0007', 3, 1, 113, 147, '2022-10-01 00:09:27', '2022-10-06 00:09:27', 2, 1, '2022-10-01', '2022-09-30 17:09:27', NULL),
(157, '0008', 1, 1, 113, 147, '2022-10-01 00:09:30', '2022-10-06 00:09:30', 1, 1, '2022-10-01', '2022-09-30 17:09:30', NULL),
(158, '0009', 3, 1, 113, 147, '2022-10-01 00:09:32', '2022-10-06 00:09:32', 2, 1, '2022-10-01', '2022-09-30 17:09:32', NULL),
(159, '0010', 1, 1, 113, 147, '2022-10-01 00:09:35', '2022-10-06 00:09:35', 1, 1, '2022-10-01', '2022-09-30 17:09:35', NULL),
(160, '0001', 6, 1, 115, 147, '2022-10-01 00:09:39', '2022-10-06 00:09:39', 2, 1, '2022-10-01', '2022-09-30 17:09:39', NULL),
(161, '0002', 1, 1, 115, 147, '2022-10-01 00:09:42', '2022-10-06 00:09:42', 1, 1, '2022-10-01', '2022-09-30 17:09:42', NULL),
(162, '0003', 5, 1, 115, 147, '2022-10-01 00:09:43', '2022-10-06 00:09:43', 2, 1, '2022-10-01', '2022-09-30 17:09:43', NULL),
(163, '0004', 4, 1, 115, 147, '2022-10-01 00:09:44', '2022-10-06 00:09:44', 1, 1, '2022-10-01', '2022-09-30 17:09:44', NULL),
(164, '0005', 2, 1, 115, 147, '2022-10-01 00:09:48', '2022-10-06 00:09:48', 2, 1, '2022-10-01', '2022-09-30 17:09:48', NULL),
(165, '0006', 2, 1, 115, 147, '2022-10-01 00:09:50', '2022-10-06 00:09:50', 2, 1, '2022-10-01', '2022-09-30 17:09:50', NULL),
(166, '0007', 3, 1, 115, 147, '2022-10-01 00:09:53', '2022-10-06 00:09:53', 2, 1, '2022-10-01', '2022-09-30 17:09:53', NULL),
(167, '0001', 1, 1, 116, 147, '2022-10-01 00:21:58', '2022-10-06 00:21:58', 1, 1, '2022-10-01', '2022-09-30 17:21:58', NULL),
(168, '0002', 3, 1, 116, 147, '2022-10-01 00:22:01', '2022-10-06 00:22:01', 1, 1, '2022-10-01', '2022-09-30 17:22:01', NULL),
(169, '0003', 1, 1, 116, 147, '2022-10-01 00:22:02', '2022-10-06 00:22:02', 2, 1, '2022-10-01', '2022-09-30 17:22:02', NULL),
(170, '0004', 6, 1, 116, 147, '2022-10-01 00:22:04', '2022-10-06 00:22:04', 2, 1, '2022-10-01', '2022-09-30 17:22:04', NULL),
(171, '0005', 3, 1, 116, 147, '2022-10-01 00:22:06', '2022-10-06 00:22:06', 2, 1, '2022-10-01', '2022-09-30 17:22:06', NULL),
(172, '0006', 4, 1, 116, 147, '2022-10-01 00:22:07', '2022-10-06 00:22:07', 2, 1, '2022-10-01', '2022-09-30 17:22:07', NULL),
(173, '0007', 2, 1, 116, 147, '2022-10-01 00:22:09', '2022-10-06 00:22:09', 1, 1, '2022-10-01', '2022-09-30 17:22:09', NULL),
(174, '0008', 2, 1, 116, 147, '2022-10-01 00:22:11', '2022-10-06 00:22:11', 2, 1, '2022-10-01', '2022-09-30 17:22:11', NULL),
(175, '0009', 1, 1, 116, 147, '2022-10-01 00:22:14', '2022-10-06 00:22:14', 1, 1, '2022-10-01', '2022-09-30 17:22:14', NULL),
(176, '4255', 3, 1, 322, 150, '2022-10-01 00:23:31', '2022-10-06 00:23:31', 2, 1, '2022-10-01', '2022-09-30 17:23:31', NULL),
(177, '4256', 1, 1, 322, 150, '2022-10-01 00:23:33', '2022-10-06 00:23:33', 2, 1, '2022-10-01', '2022-09-30 17:23:33', NULL),
(178, '4257', 4, 1, 322, 150, '2022-10-01 00:23:36', '2022-10-06 00:23:36', 2, 1, '2022-10-01', '2022-09-30 17:23:36', NULL),
(179, '4258', 5, 1, 322, 150, '2022-10-01 00:23:38', '2022-10-06 00:23:38', 1, 1, '2022-10-01', '2022-09-30 17:23:38', NULL),
(180, '4259', 3, 1, 322, 150, '2022-10-01 00:23:40', '2022-10-06 00:23:40', 2, 1, '2022-10-01', '2022-09-30 17:23:40', NULL),
(181, '0010', 1, 1, 116, 147, '2022-10-01 08:52:13', '2022-10-06 08:52:13', 2, 1, '2022-10-01', '2022-10-01 01:52:13', NULL),
(182, '0011', 4, 1, 116, 147, '2022-10-01 08:52:16', '2022-10-06 08:52:16', 2, 1, '2022-10-01', '2022-10-01 01:52:16', NULL),
(183, '0012', 2, 1, 116, 147, '2022-10-01 08:52:17', '2022-10-06 08:52:17', 2, 1, '2022-10-01', '2022-10-01 01:52:17', NULL),
(184, '0013', 6, 1, 116, 147, '2022-10-01 08:52:20', '2022-10-06 08:52:20', 1, 1, '2022-10-01', '2022-10-01 01:52:20', NULL),
(185, '0014', 6, 1, 116, 147, '2022-10-01 08:52:23', '2022-10-06 08:52:23', 1, 1, '2022-10-01', '2022-10-01 01:52:23', NULL),
(186, '0015', 5, 1, 116, 147, '2022-10-01 08:52:25', '2022-10-06 08:52:25', 2, 1, '2022-10-01', '2022-10-01 01:52:25', NULL),
(187, '0016', 5, 1, 116, 147, '2022-10-01 08:52:27', '2022-10-06 08:52:27', 2, 1, '2022-10-01', '2022-10-01 01:52:27', NULL),
(188, '0017', 2, 1, 116, 147, '2022-10-01 08:52:29', '2022-10-06 08:52:29', 1, 1, '2022-10-01', '2022-10-01 01:52:29', NULL),
(189, '0018', 1, 1, 116, 147, '2022-10-01 08:52:31', '2022-10-06 08:52:31', 2, 1, '2022-10-01', '2022-10-01 01:52:31', NULL),
(190, '0019', 3, 1, 116, 147, '2022-10-01 08:52:33', '2022-10-06 08:52:33', 1, 1, '2022-10-01', '2022-10-01 01:52:33', NULL),
(191, '0020', 1, 1, 116, 147, '2022-10-01 08:52:34', '2022-10-06 08:52:34', 2, 1, '2022-10-01', '2022-10-01 01:52:34', NULL),
(192, '0021', 3, 1, 116, 147, '2022-10-01 08:52:36', '2022-10-06 08:52:36', 2, 1, '2022-10-01', '2022-10-01 01:52:36', NULL),
(193, '0001', 6, 1, 329, 250, '2022-10-01 10:22:11', '2022-10-06 10:22:11', 1, 1, '2022-10-01', '2022-10-01 03:22:11', NULL),
(194, '0001', 6, 1, 114, 147, '2022-10-01 12:42:06', '2022-10-06 12:42:06', 1, 1, '2022-10-01', '2022-10-01 05:42:06', NULL),
(195, '0002', 5, 1, 114, 147, '2022-10-01 12:42:09', '2022-10-06 12:42:09', 1, 1, '2022-10-01', '2022-10-01 05:42:09', NULL),
(196, '0001', 2, 1, 115, 147, '2022-10-02 11:01:20', '2022-10-07 11:01:20', 1, 1, '2022-10-02', '2022-10-02 04:01:20', NULL),
(197, '0002', 5, 1, 115, 147, '2022-10-02 11:01:23', '2022-10-07 11:01:23', 1, 1, '2022-10-02', '2022-10-02 04:01:23', NULL),
(198, '0003', 3, 1, 115, 147, '2022-10-02 11:01:25', '2022-10-07 11:01:25', 1, 1, '2022-10-02', '2022-10-02 04:01:25', NULL),
(199, '0001', 1, 1, 113, 147, '2022-10-02 15:30:02', '2022-10-07 15:30:02', 1, 1, '2022-10-02', '2022-10-02 08:30:02', NULL),
(200, '0002', 5, 1, 113, 147, '2022-10-02 15:30:04', '2022-10-07 15:30:04', 1, 1, '2022-10-02', '2022-10-02 08:30:04', NULL),
(201, '0003', 4, 1, 113, 147, '2022-10-02 15:30:06', '2022-10-07 15:30:06', 1, 1, '2022-10-02', '2022-10-02 08:30:06', NULL),
(202, '0004', 3, 1, 113, 147, '2022-10-02 15:30:08', '2022-10-07 15:30:08', 1, 1, '2022-10-02', '2022-10-02 08:30:08', NULL),
(203, '0005', 3, 1, 113, 147, '2022-10-02 15:30:10', '2022-10-07 15:30:10', 1, 1, '2022-10-02', '2022-10-02 08:30:10', NULL),
(204, '0006', 1, 1, 113, 147, '2022-10-02 15:30:13', '2022-10-07 15:30:13', 1, 1, '2022-10-02', '2022-10-02 08:30:13', NULL),
(205, '0007', 6, 1, 113, 147, '2022-10-02 15:30:15', '2022-10-07 15:30:15', 1, 1, '2022-10-02', '2022-10-02 08:30:15', NULL),
(206, '0008', 2, 1, 113, 147, '2022-10-02 15:30:18', '2022-10-07 15:30:18', 1, 1, '2022-10-02', '2022-10-02 08:30:18', NULL),
(207, '0009', 2, 1, 113, 147, '2022-10-02 15:30:20', '2022-10-07 15:30:20', 1, 1, '2022-10-02', '2022-10-02 08:30:20', NULL),
(208, '0010', 4, 1, 113, 147, '2022-10-02 15:30:22', '2022-10-07 15:30:22', 1, 1, '2022-10-02', '2022-10-02 08:30:22', NULL),
(209, '0011', 4, 1, 113, 147, '2022-10-02 15:30:24', '2022-10-07 15:30:24', 1, 1, '2022-10-02', '2022-10-02 08:30:24', NULL),
(210, '0012', 3, 1, 113, 147, '2022-10-02 15:30:26', '2022-10-07 15:30:26', 1, 1, '2022-10-02', '2022-10-02 08:30:26', NULL),
(211, '0013', 4, 1, 113, 147, '2022-10-02 15:30:28', '2022-10-07 15:30:28', 1, 1, '2022-10-02', '2022-10-02 08:30:28', NULL),
(212, '0014', 6, 1, 113, 147, '2022-10-02 15:30:30', '2022-10-07 15:30:30', 1, 1, '2022-10-02', '2022-10-02 08:30:30', NULL),
(213, '0015', 5, 1, 113, 147, '2022-10-02 15:30:32', '2022-10-07 15:30:32', 1, 1, '2022-10-02', '2022-10-02 08:30:32', NULL),
(214, '0016', 1, 1, 113, 147, '2022-10-02 15:30:34', '2022-10-07 15:30:34', 1, 1, '2022-10-02', '2022-10-02 08:30:34', NULL),
(215, '0017', 2, 1, 113, 147, '2022-10-02 15:30:36', '2022-10-07 15:30:36', 1, 1, '2022-10-02', '2022-10-02 08:30:36', NULL),
(216, '0018', 2, 1, 113, 147, '2022-10-02 15:30:38', '2022-10-07 15:30:38', 1, 1, '2022-10-02', '2022-10-02 08:30:38', NULL),
(217, '0019', 6, 1, 113, 147, '2022-10-02 15:30:40', '2022-10-07 15:30:40', 1, 1, '2022-10-02', '2022-10-02 08:30:40', NULL),
(218, '0020', 2, 1, 113, 147, '2022-10-02 15:30:42', '2022-10-07 15:30:42', 1, 1, '2022-10-02', '2022-10-02 08:30:42', NULL),
(219, '0021', 3, 1, 113, 147, '2022-10-02 15:30:44', '2022-10-07 15:30:44', 1, 1, '2022-10-02', '2022-10-02 08:30:44', NULL),
(220, '0022', 4, 1, 113, 147, '2022-10-02 15:30:46', '2022-10-07 15:30:46', 1, 1, '2022-10-02', '2022-10-02 08:30:46', NULL),
(221, '0023', 4, 1, 113, 147, '2022-10-02 15:30:49', '2022-10-07 15:30:49', 1, 1, '2022-10-02', '2022-10-02 08:30:49', NULL),
(222, '0024', 1, 1, 113, 147, '2022-10-02 15:30:51', '2022-10-07 15:30:51', 1, 1, '2022-10-02', '2022-10-02 08:30:51', NULL),
(223, '0025', 4, 1, 113, 147, '2022-10-02 15:30:55', '2022-10-07 15:30:55', 1, 1, '2022-10-02', '2022-10-02 08:30:55', NULL),
(224, '0026', 6, 1, 113, 147, '2022-10-02 15:30:57', '2022-10-07 15:30:57', 1, 1, '2022-10-02', '2022-10-02 08:30:57', NULL),
(225, '0027', 3, 1, 113, 147, '2022-10-02 15:30:59', '2022-10-07 15:30:59', 1, 1, '2022-10-02', '2022-10-02 08:30:59', NULL),
(226, '0028', 4, 1, 113, 147, '2022-10-02 15:31:03', '2022-10-07 15:31:03', 1, 1, '2022-10-02', '2022-10-02 08:31:03', NULL),
(227, '0029', 4, 1, 113, 147, '2022-10-02 15:31:04', '2022-10-07 15:31:04', 1, 1, '2022-10-02', '2022-10-02 08:31:04', NULL),
(228, '0030', 4, 1, 113, 147, '2022-10-02 15:31:07', '2022-10-07 15:31:07', 1, 1, '2022-10-02', '2022-10-02 08:31:07', NULL),
(229, '0031', 2, 1, 113, 147, '2022-10-02 15:31:09', '2022-10-07 15:31:09', 1, 1, '2022-10-02', '2022-10-02 08:31:09', NULL),
(230, '0032', 4, 1, 113, 147, '2022-10-02 15:31:11', '2022-10-07 15:31:11', 1, 1, '2022-10-02', '2022-10-02 08:31:11', NULL),
(231, '0033', 2, 1, 113, 147, '2022-10-02 15:31:13', '2022-10-07 15:31:13', 1, 1, '2022-10-02', '2022-10-02 08:31:13', NULL),
(232, '0034', 6, 1, 113, 147, '2022-10-02 15:31:14', '2022-10-07 15:31:14', 1, 1, '2022-10-02', '2022-10-02 08:31:14', NULL),
(233, '0035', 3, 1, 113, 147, '2022-10-02 15:31:16', '2022-10-07 15:31:16', 1, 1, '2022-10-02', '2022-10-02 08:31:16', NULL),
(234, '0036', 3, 1, 113, 147, '2022-10-02 15:31:18', '2022-10-07 15:31:18', 1, 1, '2022-10-02', '2022-10-02 08:31:18', NULL),
(235, '0037', 4, 1, 113, 147, '2022-10-02 15:31:20', '2022-10-07 15:31:20', 1, 1, '2022-10-02', '2022-10-02 08:31:20', NULL),
(236, '0038', 4, 1, 113, 147, '2022-10-02 15:31:22', '2022-10-07 15:31:22', 1, 1, '2022-10-02', '2022-10-02 08:31:22', NULL),
(237, '0039', 6, 1, 113, 147, '2022-10-02 15:31:24', '2022-10-07 15:31:24', 1, 1, '2022-10-02', '2022-10-02 08:31:24', NULL),
(238, '0040', 2, 1, 113, 147, '2022-10-02 15:31:26', '2022-10-07 15:31:26', 1, 1, '2022-10-02', '2022-10-02 08:31:26', NULL),
(239, '0041', 2, 1, 113, 147, '2022-10-02 15:31:27', '2022-10-07 15:31:27', 1, 1, '2022-10-02', '2022-10-02 08:31:27', NULL),
(240, '0042', 3, 1, 113, 147, '2022-10-02 15:31:29', '2022-10-07 15:31:29', 1, 1, '2022-10-02', '2022-10-02 08:31:29', NULL),
(241, '0043', 2, 1, 113, 147, '2022-10-02 15:31:32', '2022-10-07 15:31:32', 1, 1, '2022-10-02', '2022-10-02 08:31:32', NULL),
(242, '0044', 3, 1, 113, 147, '2022-10-02 15:31:35', '2022-10-07 15:31:35', 1, 1, '2022-10-02', '2022-10-02 08:31:35', NULL),
(243, '0045', 1, 1, 113, 147, '2022-10-02 15:31:36', '2022-10-07 15:31:36', 1, 1, '2022-10-02', '2022-10-02 08:31:36', NULL),
(244, '0046', 4, 1, 113, 147, '2022-10-02 15:31:38', '2022-10-07 15:31:38', 1, 1, '2022-10-02', '2022-10-02 08:31:38', NULL),
(245, '0047', 6, 1, 113, 147, '2022-10-02 15:31:40', '2022-10-07 15:31:40', 1, 1, '2022-10-02', '2022-10-02 08:31:40', NULL),
(246, '0048', 6, 1, 113, 147, '2022-10-02 15:31:43', '2022-10-07 15:31:43', 1, 1, '2022-10-02', '2022-10-02 08:31:43', NULL),
(247, '0049', 2, 1, 113, 147, '2022-10-02 15:31:45', '2022-10-07 15:31:45', 1, 1, '2022-10-02', '2022-10-02 08:31:45', NULL),
(248, '0050', 1, 1, 113, 147, '2022-10-02 15:31:47', '2022-10-07 15:31:47', 1, 1, '2022-10-02', '2022-10-02 08:31:47', NULL),
(249, '0001', 3, 1, 115, 147, '2022-10-03 09:33:38', '2022-10-08 09:33:38', 1, 1, '2022-10-03', '2022-10-03 02:33:38', NULL),
(250, '0002', 6, 1, 115, 147, '2022-10-03 09:33:47', '2022-10-08 09:33:47', 1, 1, '2022-10-03', '2022-10-03 02:33:47', NULL),
(251, '0003', 2, 1, 115, 147, '2022-10-03 09:33:54', '2022-10-08 09:33:54', 1, 1, '2022-10-03', '2022-10-03 02:33:54', NULL);

-- --------------------------------------------------------

--
-- Cấu trúc bảng cho bảng `password_resets`
--

CREATE TABLE `password_resets` (
  `email` varchar(255) COLLATE utf8mb4_unicode_ci NOT NULL,
  `token` varchar(255) COLLATE utf8mb4_unicode_ci NOT NULL,
  `created_at` timestamp NULL DEFAULT NULL
) ENGINE=InnoDB DEFAULT CHARSET=utf8mb4 COLLATE=utf8mb4_unicode_ci;

-- --------------------------------------------------------

--
-- Cấu trúc bảng cho bảng `personal_access_tokens`
--

CREATE TABLE `personal_access_tokens` (
  `id` bigint(20) UNSIGNED NOT NULL,
  `tokenable_type` varchar(255) COLLATE utf8mb4_unicode_ci NOT NULL,
  `tokenable_id` bigint(20) UNSIGNED NOT NULL,
  `name` varchar(255) COLLATE utf8mb4_unicode_ci NOT NULL,
  `token` varchar(64) COLLATE utf8mb4_unicode_ci NOT NULL,
  `abilities` text COLLATE utf8mb4_unicode_ci DEFAULT NULL,
  `last_used_at` timestamp NULL DEFAULT NULL,
  `expires_at` timestamp NULL DEFAULT NULL,
  `created_at` timestamp NULL DEFAULT NULL,
  `updated_at` timestamp NULL DEFAULT NULL
) ENGINE=InnoDB DEFAULT CHARSET=utf8mb4 COLLATE=utf8mb4_unicode_ci;

-- --------------------------------------------------------

--
-- Cấu trúc bảng cho bảng `role`
--

CREATE TABLE `role` (
  `id` bigint(20) UNSIGNED NOT NULL,
  `nameRole` text COLLATE utf8mb4_unicode_ci NOT NULL,
  `der` text COLLATE utf8mb4_unicode_ci NOT NULL,
  `created_at` timestamp NULL DEFAULT NULL,
  `updated_at` timestamp NULL DEFAULT NULL
) ENGINE=InnoDB DEFAULT CHARSET=utf8mb4 COLLATE=utf8mb4_unicode_ci;

--
-- Đang đổ dữ liệu cho bảng `role`
--

INSERT INTO `role` (`id`, `nameRole`, `der`, `created_at`, `updated_at`) VALUES
(1, 'Admin tối cao', 'Admin có quyền điều hành cả hệ thống ứng dụng', '2022-09-28 15:36:24', '2022-10-02 04:04:47'),
(2, 'Quản lý thiết bị', 'CRUD thiết bị', '2022-09-28 15:37:15', '2022-09-30 08:52:37'),
(3, 'Quản trị dịch vụ', 'CRUD dịch vụ', '2022-09-29 07:19:34', '2022-09-29 07:19:54'),
(4, 'Quản lý người dùng', 'Quản lý danh sách tài khoản', '2022-10-01 03:25:01', NULL);

-- --------------------------------------------------------

--
-- Cấu trúc bảng cho bảng `role_function`
--

CREATE TABLE `role_function` (
  `id` bigint(20) UNSIGNED NOT NULL,
  `idRole` int(11) NOT NULL,
  `idFunc` int(11) NOT NULL,
  `created_at` timestamp NULL DEFAULT NULL,
  `updated_at` timestamp NULL DEFAULT NULL
) ENGINE=InnoDB DEFAULT CHARSET=utf8mb4 COLLATE=utf8mb4_unicode_ci;

--
-- Đang đổ dữ liệu cho bảng `role_function`
--

INSERT INTO `role_function` (`id`, `idRole`, `idFunc`, `created_at`, `updated_at`) VALUES
(7, 1, 7, NULL, NULL),
(9, 1, 9, NULL, NULL),
(10, 1, 10, NULL, NULL),
(11, 1, 11, NULL, NULL),
(12, 1, 12, NULL, NULL),
(13, 1, 13, NULL, NULL),
(20, 1, 8, NULL, NULL),
(23, 1, 1, NULL, NULL),
(24, 1, 2, NULL, NULL),
(25, 1, 3, NULL, NULL),
(26, 1, 4, NULL, NULL),
(27, 1, 5, NULL, NULL),
(28, 1, 6, NULL, NULL),
(32, 3, 4, NULL, NULL),
(33, 3, 5, NULL, NULL),
(34, 3, 6, NULL, NULL),
(38, 2, 1, NULL, NULL),
(39, 2, 2, NULL, NULL),
(40, 2, 3, NULL, NULL),
(41, 4, 10, NULL, NULL),
(42, 4, 11, NULL, NULL);

-- --------------------------------------------------------

--
-- Cấu trúc bảng cho bảng `services`
--

CREATE TABLE `services` (
  `id` bigint(20) UNSIGNED NOT NULL,
  `code_services` varchar(100) COLLATE utf8mb4_unicode_ci NOT NULL,
  `device_id` int(11) DEFAULT NULL,
  `name` text COLLATE utf8mb4_unicode_ci NOT NULL,
  `der` text COLLATE utf8mb4_unicode_ci NOT NULL,
  `number_rule` varchar(100) COLLATE utf8mb4_unicode_ci DEFAULT NULL,
  `status_active` tinyint(1) NOT NULL DEFAULT 1,
  `number_current` int(11) DEFAULT NULL,
  `timeoutRule` varchar(100) COLLATE utf8mb4_unicode_ci DEFAULT NULL,
  `format_date` varchar(100) COLLATE utf8mb4_unicode_ci DEFAULT NULL,
  `created_at` timestamp NULL DEFAULT NULL,
  `updated_at` timestamp NULL DEFAULT NULL
) ENGINE=InnoDB DEFAULT CHARSET=utf8mb4 COLLATE=utf8mb4_unicode_ci;

--
-- Đang đổ dữ liệu cho bảng `services`
--

INSERT INTO `services` (`id`, `code_services`, `device_id`, `name`, `der`, `number_rule`, `status_active`, `number_current`, `timeoutRule`, `format_date`, `created_at`, `updated_at`) VALUES
(113, 'KIO_1', 147, 'Khoa nội tổng quát', 'Dịch vụ hay', 'auto,prefix,suffix,reset', 1, 1, '2022-10-05', '2022-09-11', '2022-09-11 14:39:03', NULL),
(114, 'KIO_2', 147, 'Khoa niệu', 'Dịch vụ hay', 'auto,prefix,suffix,reset', 2, 1, '2022-10-05', '2022-09-08', '2022-09-08 14:39:03', NULL),
(115, 'KIO_3', 147, 'Khám dịch vụ', 'Dịch vụ hay', 'auto,prefix,suffix,reset', 1, 1, '2022-10-05', '2022-08-10', '2022-08-10 14:39:03', NULL),
(116, 'KIO_4', 147, 'Khám tim mạch', 'Dịch vụ hay', 'auto,prefix,suffix,reset', 2, 1, '2022-10-05', '2022-08-20', '2022-08-20 14:39:03', NULL),
(319, 'ho', 149, 'Khám ngoại tổng quát', 'hehehe', 'auto,prefix,suffix,reset', 1, 1, '2022-10-05', '2022-09-19', '2022-09-19 10:46:31', NULL),
(320, 'ht', 149, 'Khám tai mũi họng', 'segsg', 'auto,reset', 1, 1, '2022-10-05', '2022-09-19', '2022-09-19 10:47:12', '2022-09-21 15:19:13'),
(321, 'hofff', 149, 'Khám mắt', 'ffffffffffffff', 'auto,prefix,suffix,reset', 1, 1, '2022-10-05', '2022-09-19', '2022-09-19 10:48:33', NULL),
(322, 'hah', 150, 'Khám thần kinh', 'Khám đầu', 'auto', 2, 4260, NULL, '2022-09-19', '2022-09-19 10:50:35', NULL),
(323, 'h1s', 249, 'Xét nghiệm Covid-19', 'sar-covi-2', 'auto,prefix,suffix,reset', 1, 1, '2022-10-05', '2022-09-19', '2022-09-19 10:52:39', NULL),
(324, 'sa2d', 249, 'Siêu âm tổng quát', 'sa', 'auto,suffix', 1, 2426, NULL, '2022-09-19', '2022-09-19 10:53:10', '2022-10-02 14:21:26'),
(329, 'hd', 250, 'Khám tiêu hóa', 'Chuyển về tiêu hóa', 'auto,reset', 1, 1, '2022-10-05', '2022-10-01', '2022-10-01 03:08:13', NULL),
(330, 'ho1245d', NULL, 'Khám hô hấp', 'Chuyên về khoa hô hấp', 'auto,reset', 1, 1, '2022-10-05', '2022-10-01', '2022-10-01 03:15:12', '2022-10-02 14:21:04'),
(331, 'xq1', 251, 'Chụp X-quang', 'Chụp X-Quang', 'auto,reset', 1, 1, '2022-10-05', '2022-10-02', '2022-10-02 14:23:32', NULL),
(332, 'chc3', 252, 'Khoa châm cứu', 'Khoa châm cusu đông y', 'auto,reset', 1, 1, '2022-10-05', '2022-10-02', '2022-10-02 14:24:19', NULL);

-- --------------------------------------------------------

--
-- Cấu trúc bảng cho bảng `service_device`
--

CREATE TABLE `service_device` (
  `id` int(11) NOT NULL,
  `service_id` int(11) NOT NULL,
  `device_id` int(11) NOT NULL
) ENGINE=InnoDB DEFAULT CHARSET=utf8mb4;

--
-- Đang đổ dữ liệu cho bảng `service_device`
--

INSERT INTO `service_device` (`id`, `service_id`, `device_id`) VALUES
(9, 113, 147),
(10, 114, 147),
(11, 115, 147),
(12, 116, 147),
(13, 319, 149),
(14, 320, 149),
(15, 321, 149),
(16, 322, 150),
(18, 324, 249),
(19, 323, 249);

-- --------------------------------------------------------

--
-- Cấu trúc bảng cho bảng `type_devices`
--

CREATE TABLE `type_devices` (
  `id` bigint(20) UNSIGNED NOT NULL,
  `name` text COLLATE utf8mb4_unicode_ci NOT NULL,
  `slug` text COLLATE utf8mb4_unicode_ci NOT NULL,
  `describe` text COLLATE utf8mb4_unicode_ci NOT NULL,
  `created_at` timestamp NULL DEFAULT NULL,
  `updated_at` timestamp NULL DEFAULT NULL
) ENGINE=InnoDB DEFAULT CHARSET=utf8mb4 COLLATE=utf8mb4_unicode_ci;

--
-- Đang đổ dữ liệu cho bảng `type_devices`
--

INSERT INTO `type_devices` (`id`, `name`, `slug`, `describe`, `created_at`, `updated_at`) VALUES
(1, 'Display Counter', 'display-counter', 'Thiết bị đẹp', '2022-09-13 14:49:56', NULL),
(2, 'Kiosk', 'kiosk', 'Thiết bị đẹp', '2022-09-13 14:49:56', NULL);

-- --------------------------------------------------------

--
-- Cấu trúc bảng cho bảng `users`
--

CREATE TABLE `users` (
  `id` int(11) NOT NULL,
  `name` varchar(255) COLLATE utf8mb4_unicode_ci NOT NULL,
  `fullname` varchar(100) COLLATE utf8mb4_unicode_ci NOT NULL,
  `email` text COLLATE utf8mb4_unicode_ci NOT NULL,
  `avt` text COLLATE utf8mb4_unicode_ci DEFAULT NULL,
  `phone` varchar(100) COLLATE utf8mb4_unicode_ci DEFAULT NULL,
  `password_2` text COLLATE utf8mb4_unicode_ci DEFAULT NULL,
  `status` tinyint(1) DEFAULT NULL,
  `email_verified_at` timestamp NULL DEFAULT NULL,
  `email_verification` text COLLATE utf8mb4_unicode_ci DEFAULT NULL,
  `password` varchar(255) COLLATE utf8mb4_unicode_ci NOT NULL,
  `remember_token` varchar(100) COLLATE utf8mb4_unicode_ci DEFAULT NULL,
  `role` int(11) DEFAULT NULL,
  `created_at` timestamp NULL DEFAULT NULL,
  `updated_at` timestamp NULL DEFAULT NULL
) ENGINE=InnoDB DEFAULT CHARSET=utf8mb4 COLLATE=utf8mb4_unicode_ci;

--
-- Đang đổ dữ liệu cho bảng `users`
--

INSERT INTO `users` (`id`, `name`, `fullname`, `email`, `avt`, `phone`, `password_2`, `status`, `email_verified_at`, `email_verification`, `password`, `remember_token`, `role`, `created_at`, `updated_at`) VALUES
(1, 'tmp', 'Trương Minh Phụng', 'minhphung485@gmail.com', '633aedcfbbe16.png', '0962761246', 'Admin9999', 1, NULL, '3ea5970bb13e6601469342d06fb05e5f', '$2y$10$DlxA4uuX8Ix6mFZpXz.bGunAg9/O1KqN4Nj4KnSqTju28481eB/Ne', NULL, 1, '2022-09-09 01:18:30', '2022-10-03 14:12:31'),
(5, 'admin2', 'Phụng Trương', 'tmpdz7820@gmail.com', 'undraw_profile.svg', '0962761246', 'Admin9999', 2, NULL, NULL, '$2y$10$LoJvLeIrXSjtZaS8/w6WfOC53L10epeNgnC8vYx0q3Mbs13GXFc9K', NULL, 2, '2022-09-30 04:42:59', '2022-09-30 08:52:00'),
(6, 'admin_3', 'Phụng Minh Trương', 'phungtmps15106@fpt.edu.vn', 'undraw_profile.svg', '0962761246', 'Admin9999', 1, NULL, NULL, '$2y$10$Mu5BNxG8z307IBJaQMdoMejNVXvwNoVxym57nSae439fcFF08nVdy', NULL, 1, '2022-09-30 08:49:03', '2022-09-30 08:49:55'),
(7, 'tmp', 'Trương Minh Phụng', 'e2557@gmail.com', 'undraw_profile.svg', '0962761246', '123', 1, NULL, NULL, '$2y$10$k6QznaCuO.yyUHYx6ylIYOdDr356EQkY6oN4NOab2P7DuEeFZZ6Oe', NULL, 1, '2022-10-02 02:54:58', NULL),
(8, 'tmp', 'Trương Minh Phụng', '2fb45@gmail.com', 'undraw_profile.svg', '0962761246', '123', 1, NULL, NULL, '$2y$10$2TfQc2ftXbwpIvJILRKLcuHvQ8rGpFt8Oy4jqwqqWMLVzsv2gBQlK', NULL, 1, '2022-10-02 02:54:58', NULL),
(9, 'tmp', 'Trương Minh Phụng', '17f53@gmail.com', 'undraw_profile.svg', '0962761246', '123', 1, NULL, NULL, '$2y$10$eAARVtjmKM5APR7HpwSCQeP93XBGSZ98aabi833MlwVa16h0reUJy', NULL, 1, '2022-10-02 02:54:58', NULL),
(10, 'tmp', 'Trương Minh Phụng', 'f7aa3@gmail.com', 'undraw_profile.svg', '0962761246', '123', 1, NULL, NULL, '$2y$10$86jBnSxekBBrelY5jewtMu1m2QGzvamuSjsV35oDRQtmWV6SY3TJm', NULL, 1, '2022-10-02 02:54:58', NULL),
(11, 'tmp', 'Trương Minh Phụng', '2aa3f@gmail.com', 'undraw_profile.svg', '0962761246', '123', 1, NULL, NULL, '$2y$10$bWs4Wag8oUYJahE5yLEnQ.kFiGElgwd4DaU3wES9hs7CxTAkDnqt.', NULL, 1, '2022-10-02 02:54:58', NULL),
(12, 'tmp', 'Trương Minh Phụng', 'fc101@gmail.com', 'undraw_profile.svg', '0962761246', '123', 1, NULL, NULL, '$2y$10$jjc0ZHw1dbHpXBa5ZCilPuUCWGNDfNsWARWHqueo4vhPymZxlxKwm', NULL, 1, '2022-10-02 02:54:58', NULL),
(13, 'tmp', 'Trương Minh Phụng', '937bd@gmail.com', 'undraw_profile.svg', '0962761246', '123', 1, NULL, NULL, '$2y$10$h.VUacFBXLVAzPWzH4m5UuKHbMPzWUSsP7S/Voxkp7LFrA.dC..Oi', NULL, 1, '2022-10-02 02:54:58', NULL),
(14, 'tmp', 'Trương Minh Phụng', '72d40@gmail.com', 'undraw_profile.svg', '0962761246', '123', 1, NULL, NULL, '$2y$10$bXQSAZZmCP90WMQimOftrumBY0GOvBSCBNAcyX/eKzg9zmfzT2guG', NULL, 1, '2022-10-02 02:54:58', NULL),
(15, 'tmp', 'Trương Minh Phụng', 'cbc02@gmail.com', 'undraw_profile.svg', '0962761246', '123', 1, NULL, NULL, '$2y$10$yGhaaZlwkA3xQtsSwd4RWuTUc2d36tMEN4WVK0cKtomzYSd6fY91G', NULL, 1, '2022-10-02 02:54:58', NULL),
(16, 'tmp', 'Trương Minh Phụng', 'a474e@gmail.com', 'undraw_profile.svg', '0962761246', '123', 1, NULL, NULL, '$2y$10$R.j8uNHcIOSpn/ksKEMC5uj2ioZ7kCo4nysQ79ZIYN/9VkYHFlZ.W', NULL, 1, '2022-10-02 02:54:58', NULL),
(17, 'tmp', 'Trương Minh Phụng', 'b72cf@gmail.com', 'undraw_profile.svg', '0962761246', '123', 1, NULL, NULL, '$2y$10$L8NcBuEE7T7ENOP67nq1yet63yKjCr4l9KbggyX5u2TBqTbEzxzci', NULL, 1, '2022-10-02 02:54:58', NULL),
(18, 'tmp', 'Trương Minh Phụng', '3bf83@gmail.com', 'undraw_profile.svg', '0962761246', '123', 1, NULL, NULL, '$2y$10$bwCh8UsMa/qv0oNtys/KT.jb07mEdUruyTG3S6qXrEXKe1gsGggim', NULL, 1, '2022-10-02 02:54:58', NULL),
(19, 'tmp', 'Trương Minh Phụng', '9af1e@gmail.com', 'undraw_profile.svg', '0962761246', '123', 1, NULL, NULL, '$2y$10$SJTM95/Uumo3SlDE15Xgre3ee5Dnq5kdovZ.tzLziwBbe.MFMC4fO', NULL, 1, '2022-10-02 02:54:58', NULL),
(20, 'tmp', 'Trương Minh Phụng', 'afe35@gmail.com', 'undraw_profile.svg', '0962761246', '123', 1, NULL, NULL, '$2y$10$JTq/VMje48MnLwwwwwe6E.Lk6sstvqlnbQuWyMV6uBlzhbP0m3Lay', NULL, 1, '2022-10-02 02:54:58', NULL),
(21, 'tmp', 'Trương Minh Phụng', 'c59a4@gmail.com', 'undraw_profile.svg', '0962761246', '123', 1, NULL, NULL, '$2y$10$udlIKleYbkkbGjtkwKfEOu18amFE9I1t0u2xzeXKI7gCXUISW7vmS', NULL, 1, '2022-10-02 02:54:58', NULL),
(22, 'tmp', 'Trương Minh Phụng', '679b8@gmail.com', 'undraw_profile.svg', '0962761246', '123', 1, NULL, NULL, '$2y$10$dH79.mK0/nt5/WvC9oIhKucbith7lsYyqan5tLJbmDCEzae8OZXeS', NULL, 1, '2022-10-02 02:54:58', NULL),
(23, 'tmp', 'Trương Minh Phụng', 'e2557@gmail.com', 'undraw_profile.svg', '0962761246', '123', 1, NULL, NULL, '$2y$10$5W7rTzQPl37gJjNCFhYkOOlW7CxcVHDsxnDgxwEWN5lAPm0a.7XLG', NULL, 1, '2022-10-02 02:54:59', NULL),
(24, 'tmp', 'Trương Minh Phụng', 'a217a@gmail.com', 'undraw_profile.svg', '0962761246', '123', 1, NULL, NULL, '$2y$10$vUDJWVQn.7wrmTvdAgSIsOXHXQnupnhbk03VdymzdsKP8BhGQ7Q6m', NULL, 1, '2022-10-02 02:54:59', NULL),
(25, 'tmp', 'Trương Minh Phụng', '1e8e4@gmail.com', 'undraw_profile.svg', '0962761246', '123', 1, NULL, NULL, '$2y$10$wzBA2q2zhhmMY3NXPZEWKOTa.S7ID4KBSk0ikQ.wGpUEKKf93v0Xu', NULL, 1, '2022-10-02 02:54:59', NULL),
(26, 'tmp', 'Trương Minh Phụng', '1ea08@gmail.com', 'undraw_profile.svg', '0962761246', '123', 1, NULL, NULL, '$2y$10$LJodA.HYl6aSfSocR2CC9OZc200VEq9nF16fClp6Ov6uVVhIbjMDO', NULL, 1, '2022-10-02 02:54:59', NULL);

--
-- Chỉ mục cho các bảng đã đổ
--

--
-- Chỉ mục cho bảng `activity_history`
--
ALTER TABLE `activity_history`
  ADD PRIMARY KEY (`id`);

--
-- Chỉ mục cho bảng `devices`
--
ALTER TABLE `devices`
  ADD PRIMARY KEY (`id`);

--
-- Chỉ mục cho bảng `failed_jobs`
--
ALTER TABLE `failed_jobs`
  ADD PRIMARY KEY (`id`),
  ADD UNIQUE KEY `failed_jobs_uuid_unique` (`uuid`);

--
-- Chỉ mục cho bảng `functions`
--
ALTER TABLE `functions`
  ADD PRIMARY KEY (`id`);

--
-- Chỉ mục cho bảng `migrations`
--
ALTER TABLE `migrations`
  ADD PRIMARY KEY (`id`);

--
-- Chỉ mục cho bảng `numbers`
--
ALTER TABLE `numbers`
  ADD PRIMARY KEY (`id`);

--
-- Chỉ mục cho bảng `password_resets`
--
ALTER TABLE `password_resets`
  ADD KEY `password_resets_email_index` (`email`);

--
-- Chỉ mục cho bảng `personal_access_tokens`
--
ALTER TABLE `personal_access_tokens`
  ADD PRIMARY KEY (`id`),
  ADD UNIQUE KEY `personal_access_tokens_token_unique` (`token`),
  ADD KEY `personal_access_tokens_tokenable_type_tokenable_id_index` (`tokenable_type`,`tokenable_id`);

--
-- Chỉ mục cho bảng `role`
--
ALTER TABLE `role`
  ADD PRIMARY KEY (`id`);

--
-- Chỉ mục cho bảng `role_function`
--
ALTER TABLE `role_function`
  ADD PRIMARY KEY (`id`);

--
-- Chỉ mục cho bảng `services`
--
ALTER TABLE `services`
  ADD PRIMARY KEY (`id`);

--
-- Chỉ mục cho bảng `service_device`
--
ALTER TABLE `service_device`
  ADD PRIMARY KEY (`id`);

--
-- Chỉ mục cho bảng `type_devices`
--
ALTER TABLE `type_devices`
  ADD PRIMARY KEY (`id`);

--
-- Chỉ mục cho bảng `users`
--
ALTER TABLE `users`
  ADD PRIMARY KEY (`id`);

--
-- AUTO_INCREMENT cho các bảng đã đổ
--

--
-- AUTO_INCREMENT cho bảng `activity_history`
--
ALTER TABLE `activity_history`
  MODIFY `id` bigint(20) UNSIGNED NOT NULL AUTO_INCREMENT, AUTO_INCREMENT=87;

--
-- AUTO_INCREMENT cho bảng `devices`
--
ALTER TABLE `devices`
  MODIFY `id` bigint(20) UNSIGNED NOT NULL AUTO_INCREMENT, AUTO_INCREMENT=253;

--
-- AUTO_INCREMENT cho bảng `failed_jobs`
--
ALTER TABLE `failed_jobs`
  MODIFY `id` bigint(20) UNSIGNED NOT NULL AUTO_INCREMENT;

--
-- AUTO_INCREMENT cho bảng `functions`
--
ALTER TABLE `functions`
  MODIFY `id` bigint(20) UNSIGNED NOT NULL AUTO_INCREMENT, AUTO_INCREMENT=14;

--
-- AUTO_INCREMENT cho bảng `migrations`
--
ALTER TABLE `migrations`
  MODIFY `id` int(10) UNSIGNED NOT NULL AUTO_INCREMENT, AUTO_INCREMENT=20;

--
-- AUTO_INCREMENT cho bảng `numbers`
--
ALTER TABLE `numbers`
  MODIFY `id` bigint(20) UNSIGNED NOT NULL AUTO_INCREMENT, AUTO_INCREMENT=252;

--
-- AUTO_INCREMENT cho bảng `personal_access_tokens`
--
ALTER TABLE `personal_access_tokens`
  MODIFY `id` bigint(20) UNSIGNED NOT NULL AUTO_INCREMENT;

--
-- AUTO_INCREMENT cho bảng `role`
--
ALTER TABLE `role`
  MODIFY `id` bigint(20) UNSIGNED NOT NULL AUTO_INCREMENT, AUTO_INCREMENT=5;

--
-- AUTO_INCREMENT cho bảng `role_function`
--
ALTER TABLE `role_function`
  MODIFY `id` bigint(20) UNSIGNED NOT NULL AUTO_INCREMENT, AUTO_INCREMENT=43;

--
-- AUTO_INCREMENT cho bảng `services`
--
ALTER TABLE `services`
  MODIFY `id` bigint(20) UNSIGNED NOT NULL AUTO_INCREMENT, AUTO_INCREMENT=333;

--
-- AUTO_INCREMENT cho bảng `service_device`
--
ALTER TABLE `service_device`
  MODIFY `id` int(11) NOT NULL AUTO_INCREMENT, AUTO_INCREMENT=20;

--
-- AUTO_INCREMENT cho bảng `type_devices`
--
ALTER TABLE `type_devices`
  MODIFY `id` bigint(20) UNSIGNED NOT NULL AUTO_INCREMENT, AUTO_INCREMENT=3;

--
-- AUTO_INCREMENT cho bảng `users`
--
ALTER TABLE `users`
  MODIFY `id` int(11) NOT NULL AUTO_INCREMENT, AUTO_INCREMENT=27;
COMMIT;

/*!40101 SET CHARACTER_SET_CLIENT=@OLD_CHARACTER_SET_CLIENT */;
/*!40101 SET CHARACTER_SET_RESULTS=@OLD_CHARACTER_SET_RESULTS */;
/*!40101 SET COLLATION_CONNECTION=@OLD_COLLATION_CONNECTION */;
